word,count
,1
HTML,63
Deal,2
Tutorial,6
Chapter,4
thesitewizardcomIn,1
this,44
chapter,16
series,4
more,10
tags,71
entities,1
other,20
deal,4
have,32
only,11
just,13
site,3
intention,1
learning,1
start,8
youre,14
looking,3
know,11
anything,3
creating,2
read,6
Create,4
before,6
elseLanguage,1
Character,2
Content,3
TypeWhen,1
type,7
characters,10
into,21
things,12
like,23
files,2
letters,1
alphabet,3
numbers,3
technical,3
than,5
down,2
above,11
loose,1
description,2
purposes,1
letter,3
editor,7
saves,2
When,4
browser,26
reads,1
interprets,1
suchThe,1
mean,8
means,5
using,25
particular,4
language,17
specific,2
world,3
different,4
page,85
needs,1
both,3
uses,11
correctlyOne,1
entire,4
proper,1
specifying,3
English,12
result,1
followingMy,1
PageThis,1
tutorialNotice,1
instead,4
added,3
space,13
after,6
html,1
additional,2
probably,6
lang,2
sign,2
quotation,2
Since,4
German,1
already,6
name,3
actual,1
names,1
Remember,3
placing,2
HEAD,3
basic,2
punctuation,1
following,10
line,22
again,1
where,5
procedure,1
preferred,1
UTF8,11
Unicode,1
supports,2
Youll,1
trouble,1
especially,2
indeterminate,1
point,4
suddenly,1
occur,1
there,5
these,12
saying,1
created,1
years,1
when,18
process,1
converting,1
UTF8There,1
them,9
possible,3
configuration,2
host,2
website,4
However,3
good,2
valid,4
change,5
configure,1
tagWith,1
That,5
considered,2
scope,1
make,4
sure,4
encoding,5
Unfortunately,1
around,2
Save,2
dialog,4
appears,2
click,5
select,2
Others,1
options,2
Please,2
ignore,1
paragraph,22
save,1
displayed,9
question,3
mark,5
rectangular,1
block,12
even,3
looks,3
perfect,1
editorReprise,1
weve,1
perhaps,1
skipped,1
mention,1
completenessIf,1
used,14
browsers,22
always,8
starts,1
cannot,4
nest,1
close,1
tagIn,1
carried,2
experiments,2
leave,1
starting,3
brings,1
beneath,1
current,3
poet,1
publish,1
poetry,1
verses,1
huge,1
gaps,1
learnThe,1
TagThe,1
follows,2
look,6
examples,1
relevant,3
understood,1
heavens,1
embroided,1
silver,1
lightThe,1
dark,1
clothsOf,1
night,1
halflightI,1
would,3
cloths,1
feetBut,1
poor,1
dreamsI,1
tread,1
Butler,1
started,1
reload,1
effect,1
occupies,1
think,4
short,2
forces,1
everything,1
lineNotice,1
something,5
tagPage,1
visible,1
title,7
provides,1
namely,1
action,3
Heaven,1
YeatsReload,1
characteristicsUse,1
webmasters,5
sections,2
titles,5
subparagraphs,1
larger,3
pairPut,1
Within,1
PairAs,1
pairs,1
Outside,1
told,1
known,3
blocklevel,1
formats,1
topic,2
pointAppearance,1
typically,6
putting,1
headers,7
render,2
fontsBefore,1
appearance,13
rest,1
Cascading,3
Style,4
finetuning,1
based,1
size,1
changed,3
Choose,3
lower,1
really,6
appear,4
take,3
thefreecountrycoms,1
Budget,2
Hosting,2
Hosts,1
They,6
orange,1
rules,1
colour,1
color,1
variant,1
combination,1
underneath,1
commercial,1
CSSEmphasizing,1
Bold,1
ItalicsThere,1
occasions,1
group,1
tagsThe,2
tagThe,3
tells,4
italics,3
Note,2
major,1
vendors,3
sandwiched,2
strongly,1
Again,2
themselves,1
however,1
stylistic,1
purposesDo,1
prettier,1
higher,1
modified,1
choosing,1
happen,2
cause,4
certain,4
draw,1
suggest,2
Appearance,2
making,1
eventually,2
assumes,1
knowledge,1
HTMLDo,1
give,1
consequences,1
tagsFor,1
illustrates,1
correct,2
placed,4
below,2
incorrect,1
invalid,6
itThe,1
Block,2
Special,1
brackets,3
mistaking,1
mathematical,3
expression,4
bracket,3
typing,2
quotes,2
treated,1
flags,1
sequence,1
entity,6
reference,6
references,1
followslt,1
belowcopy,1
copyright,1
symbol,1
trade,1
guessed,1
once,1
defined,1
begins,1
tell,2
nbsp,3
nonbreaking,1
must,2
useful,2
remove,1
output,3
multiple,1
charactersOther,1
documents,1
snippets,1
monospaced,2
pitch,2
fontQuoting,1
quoting,3
phrase,2
middle,1
include,2
tagsYou,1
Things,1
Aware,1
International,1
Audience,1
Wilde,1
footnote,1
expressions,1
raised,1
Subscripts,1
produced,2
tagIf,2
formatted,1
state,1
asis,1
spaces,1
exactly,1
entered,1
Browsers,1
long,1
though,1
exhibit,1
behaviour,1
behavior,1
variants,1
tested,1
programming,1
source,2
best,1
textThe,1
tagIndicating,1
indicate,1
longer,3
listed,1
completeness,1
although,1
ever,1
themCitations,1
sourceDefinition,1
term,1
tagAcronym,1
acronyms,1
acronym,3
Attributes,1
tutorialAbbreviations,1
love,1
optional,1
expand,1
attributes,1
chapterSample,1
Sample,1
pairKeyboard,1
input,1
typed,1
keyboard,1
programmers,1
programmer,1
discussing,1
tagDocument,1
insertedAfter,1
Chris,1
simple,1
results,4
misses,1
describe,1
default,1
curious,1
others,2
memorise,1
thesitewizardcom,5
single,1
quite,1
rule,3
About,1
Snazzy,1
Design,8
FeaturesFor,1
holding,1
waiting,1
round,1
talking,1
govern,1
thus,1
computers,1
basically,1
removed,1
standardAs,1
seriesDo,1
Interweave,1
Different,1
TagsNow,1
writing,2
HTMLThe,1
Consider,1
carefully,1
Just,1
outer,1
errors,9
spot,4
encounters,1
unexpected,1
managed,1
causes,1
1Even,1
jumbled,3
matching,2
senseNote,1
able,1
interwoven,1
mind,1
caused,1
deliberately,1
very,1
Validating,1
CodeThe,1
validator,10
free,3
install,1
check,5
spelling,2
grammar,1
nice,1
open,1
Consortiums,1
errorsIf,1
uploaded,2
Address,2
field,3
doneOtherwise,1
published,3
Validate,7
Upload,3
near,1
Navigate,1
working,1
Open,1
says,1
path,2
Windows,2
Input,2
paste,1
checkedIf,1
successfully,1
warnings,1
scroll,1
column,1
isIncidentally,1
assumed,1
copied,1
converts,1
mask,1
bullet,1
20112019,1
tips,1
design,1
promotion,1
revenue,1
scripting,1
Learn,1
Lists,3
Startedthesitewizard,1
News,1
Feed,2
Site,2
Subscribe,1
newsfeedDo,1
scripts,1
subscribing,1
feed,2
Simply,1
httpswwwthesitewizardcomthesitewizardxml,1
subscribe,1
FAQPlease,1
ArticleThis,1
reproduce,1
formRelated,1
Precautions,1
Buying,1
Domain,4
NameHow,1
Much,1
WebsiteShould,1
Package,1
Such,1
Thing,1
Rescue,1
Clutches,1
Theft,1
Host,1
FAQNew,1
Restore,1
Properties,1
Small,1
Capital,2
Letters,2
Lowercase,1
Uppercase,1
Change,2
Colour,1
Color,1
Expression,2
Want,1
Away,1
Registrar,2
AltogetherHow,1
Prevent,1
Words,1
Split,1
Separate,1
Audio,1
Without,1
CertificateWhats,1
Difference,2
System,1
Blog,1
Editor,1
Choosing,1
Good,1
WebDreamweaver,1
3How,1
WYSIWYG,1
Form,1
WizardHow,1
Link,1
Tags,5
that,108
with,37
Text,5
Christopher,2
Heng,2
tutorial,9
will,28
learn,5
about,8
paraphernalia,1
textIf,1
arrived,1
please,3
first,5
This,12
article,6
actually,10
Those,2
websites,1
should,15
Make,4
Your,10
Website,12
Beginners,2
Guide,1
Encoding,2
Sets,1
some,19
text,37
file,12
your,119
computer,14
including,2
saved,1
electronic,1
level,11
example,24
plain,2
number,8
display,14
program,6
displays,1
problem,1
does,8
intrinsically,1
thing,1
reading,1
expects,1
encoded,3
system,4
preagreed,1
everyone,1
happens,2
small,1
lowercase,1
character,35
lingo,2
alphabetSince,1
contain,3
well,5
order,3
specify,10
attribute,7
recall,2
from,16
enclosed,9
between,12
addition,3
content,5
code,21
previous,2
First,2
sample,2
thesitewizardcoms,3
part,4
words,23
obvious,1
specifies,2
written,1
portion,1
equals,1
marks,3
specified,2
French,1
need,13
noticed,3
cant,2
find,5
list,2
found,3
here,7
enclose,5
langApart,1
also,8
done,6
adding,1
section,8
ISO88591,3
inserting,4
dont,10
what,8
review,1
taught,3
insert,5
TITLE,1
sameAlternatively,1
many,4
people,2
insteadThe,1
languages,1
fact,2
subset,1
which,7
choose,4
less,2
future,1
decide,2
accented,2
Before,1
pages,6
thats,1
historical,1
reasons,2
Historical,1
context,1
didnt,1
better,1
still,4
those,13
ways,3
besides,1
option,3
server,2
since,2
method,2
case,3
practice,3
hosts,2
forget,1
serverNote,1
closing,14
META,2
complete,2
minimal,1
minimum,1
elements,2
required,4
course,2
doesnt,3
want,15
simply,4
Theres,1
obviously,1
learnAlthough,1
outside,3
document,3
appropriate,3
varies,1
difficult,1
zillion,1
editors,2
Some,1
Format,1
File,8
menu,1
require,1
their,3
same,5
declared,2
meta,1
wrong,1
TagNow,1
going,2
pertain,2
manipulation,1
textWe,1
familiar,1
because,9
return,1
remember,2
encountering,1
usually,5
inside,4
each,6
existing,1
mentioned,6
youd,1
blank,3
place,4
directly,2
without,9
leaving,3
paragraphs,4
function,3
next,5
were,4
Take,2
simplify,1
show,3
explaining,1
wont,1
every,2
aboveHad,1
clothsEnwrought,1
golden,1
blue,1
light,1
spread,2
under,2
being,2
dreams,1
feetTread,1
softly,1
dreamsInsert,1
poem,4
William,1
Yeats,1
Notice,1
stanza,1
expect,1
break,1
merely,2
creates,1
signal,1
Section,2
HeadingsWhat,1
wanted,1
heading,2
numerous,1
purpose,2
opening,9
inserted,2
aboveCloths,1
examine,1
resultsThese,1
LowerNumbered,2
Header,6
FirstBasically,1
signals,3
highest,1
header,17
Many,1
divided,1
containing,1
onIn,1
smallest,1
such,17
Page,5
Headings,1
beginning,2
subsections,1
within,10
observed,1
come,1
itPut,1
Paragraph,1
TagNotice,1
stands,2
distinct,1
likewise,1
places,2
separate,1
formatting,3
BrowsersBrowsers,1
contained,1
Most,3
bold,6
smaller,3
numbered,5
fonts,4
distinguish,1
bigger,1
control,1
Sheets,3
later,5
chapters,2
Sizes,1
according,3
Headers,1
laterBy,1
reassurance,1
they,5
purple,1
background,1
Cheap,1
affordable,1
special,3
effectsTo,1
reiterate,1
play,1
currently,1
confer,1
Putting,1
emphasize,2
word,6
Emphasis,1
achieved,1
pair,11
emphasized,4
seems,1
italicsThe,1
today,1
adopted,1
thatThere,1
note,1
tagsDo,1
changing,1
appearanceUse,1
attention,1
principle,1
changes,3
sake,2
patient,1
Well,1
dealing,1
prior,1
tagsIf,3
warning,2
taking,1
andor,1
strong,2
exampleThis,1
beThe,1
tagsThis,1
inline,5
tagHow,1
Insert,1
Angle,1
Brackets,1
Other,2
CharactersSince,1
angle,3
flag,2
might,2
wondering,1
left,1
pageLike,1
ampersand,5
differently,1
standard,2
most,3
commonly,1
belownbsp,1
trademark,1
thesitewizardAs,1
hence,1
creation,1
another,1
represent,2
itself,2
Type,1
quotesThe,1
represents,1
youve,2
wrap,2
second,1
onto,1
runs,1
together,2
normal,2
force,1
keep,1
whenever,1
extra,1
whatever,2
reason,1
Less,1
Used,1
Presenting,1
TextThere,1
pertaining,1
usefulDisplaying,1
sentence,6
fixed,3
someone,2
quote,2
either,2
while,2
Writing,1
Oscar,1
indent,1
marked,4
tagged,2
waySuperscripts,1
subscripts,1
superscripts,1
emc2,1
Both,1
tagsPreformatted,1
telling,2
preserve,1
white,1
lines,2
width,1
window,2
ones,1
fontThis,1
often,2
important,3
abuse,1
deleted,3
been,7
strike,1
wayThere,1
rarely,1
doubt,1
defining,1
definition,1
Webmasters,1
elaborate,1
scuba,2
abbreviations,4
Like,1
abbreviation,2
earlier,2
indicating,1
tagVariable,1
variables,1
counterpart,1
While,1
indicates,2
phrases,1
sentences,1
through,3
thinking,1
load,1
meant,3
prescribe,1
controlled,1
lazy,1
reader,2
monospace,1
font,1
allDo,1
appropriately,1
bother,1
liberally,1
throughout,1
tagging,1
instance,1
knowing,1
subsection,1
brown,1
then,2
simplest,1
create,4
brownHow,1
Fonts,1
breath,1
finally,1
youll,2
wait,1
Font,1
Although,2
methods,1
deprecated,1
outdated,1
talk,1
enough,1
problems,1
otherwise,1
easiest,3
explain,1
snippetthesitewizardcom,1
webmastersNotice,1
Observe,1
innermost,4
closest,1
matched,3
levelNow,1
codeThis,1
problemThe,1
Instead,1
parsing,1
mixing,1
random,1
structure25,1
assume,1
makes,2
sense,1
mess,2
decipher,1
types,2
parse,1
expected,1
depend,2
telepathic,1
bugs,1
time,1
intended,1
itBut,1
After,1
Obviously,1
made,1
error,5
ignorance,1
carelessness,1
hard,1
sectionHow,1
Check,4
Errors,1
checked,3
violate,1
There,3
validators,4
download,1
access,1
connected,1
InternetNote,1
whether,2
nonexistent,1
strnog,1
structure,1
conform,1
rulesFor,1
Validator,1
gives,3
Click,3
button,5
Internet,1
majority,1
somewhere,1
shows,1
exact,2
operating,1
folder,1
drive,1
upload,1
checkingAnother,1
Direct,2
copy,1
havent,1
URIIf,1
Transitional,1
followed,1
Result,1
Passed,1
Otherwise,1
detailed,1
information,1
along,1
pasted,1
copiedandpasted,1
real,1
transparently,1
bothers,1
insteadNext,1
ChapterIn,1
lists,1
listsCopyright,1
rights,1
reservedGet,1
articles,3
httpswwwthesitewizardcomYou,1
hereTop,1
Tutorials,1
1The,1
2How,1
Automatically,1
Numbered,1
Bullet,1
Point,1
Definition,1
3Other,1
Getting,2
feeds,2
Reprint,1
copyrighted,1
distribute,1
whole,1
PagesImportant,1
Does,1
Cost,1
Linux,1
HostHow,3
Designer,1
Column,1
Layout,1
Using,2
CSSHow,2
Centre,1
CSSPreventing,1
Image,1
Bandwidth,1
With,1
htaccessWhich,1
Recommend,1
ArticlesHow,2
Panel,1
BlueGriffon,2
DisappearsHow,1
Large,1
Links,1
WebWhy,1
Cant,1
More,1
Being,1
Lines,1
HTMLCSSHow,1
Music,1
BlueGriffonCan,1
Websites,1
HTTPS,1
Between,2
Name,1
MobileFriendly,1
Responsive,1
CSSWhats,1
Management,1
Online,1
BuilderPopular,1
BlogHow,1
GuideTips,1
NameExpression,1
Microsoft,1
Dreamweaver,1
CS6BlueGriffon,1
Publish,1
KompoZer,1
editorFree,1
FeedbackContact,1
